Project ID,Toolkit Locations Found by Autocoder,All Toolkit Locations,All Autocoder Locations,Percentage Correct of Locations Found by Autocoder,Percentage Incorrect of Locations Found by Autocoder
NGA/000085,2595348,"2324828, 2328925, 2595348",2595348,100.0,0.0
NGA/000088,2328926,2328926,2328926,100.0,0.0
NGA/000089,2328926,2328926,2328926,100.0,0.0
NGA/000091,2324828,2324828,2324828,100.0,0.0
NGA/000093,2328926,2328926,2328926,100.0,0.0
NGA/000094,,"7873903, 8051232",2328926,0.0,100.0
NGA/000095,"7644922, 7729992, 7932500, 7932526, 8634267, 8634305, 8634966, 8634971, 8638548, 8659784","7644922, 7729992, 7932500, 7932526, 8051232, 8634267, 8634305, 8634314, 8634966, 8634971, 8638548, 8659784","7644922, 7729992, 7730073, 7932500, 7932526, 8634267, 8634305, 8634966, 8634971, 8638548, 8659784",90.91,9.09
NGA/000097,2565340,"2322907, 2327546, 2332453, 2335722, 2337542, 2346794, 2347266, 2350813, 2352776, 2565340, 2565342, 2595345, 2597363",2565340,100.0,0.0
NGA/000098,7729984,"2322907, 2347468, 7729984",7729984,100.0,0.0
NGA/000099,8638087,8638087,8638087,100.0,0.0
NGA/000100,,8051232,2328926,0.0,100.0
NGA/000101,8634971,"2324433, 2332453, 2352776, 8634971",8634971,100.0,0.0
NGA/000104,2328926,2328926,2328926,100.0,0.0
NGA/000105,2328926,2328926,2328926,100.0,0.0
NGA/000106,2324828,2324828,2324828,100.0,0.0
NGA/000109,2328926,2328926,2328926,100.0,0.0
NGA/000110,2328926,2328926,2328926,100.0,0.0
NGA/000111,2328926,2328926,2328926,100.0,0.0
NGA/000112,2328926,2328926,2328926,100.0,0.0
NGA/000113,2328926,2328926,2328926,100.0,0.0
NGA/000114,,8051232,2328926,0.0,100.0
NGA/000115,2328926,2328926,2328926,100.0,0.0
NGA/000116,2328926,2328926,2328926,100.0,0.0
NGA/000117,2328926,2328926,2328926,100.0,0.0
NGA/000118,2328926,2328926,2328926,100.0,0.0
NGA/000119,2328926,2328926,2328926,100.0,0.0
NGA/000120,2328926,2328926,2328926,100.0,0.0
NGA/000121,2328926,2328926,2328926,100.0,0.0
NGA/000122,2328926,2328926,2328926,100.0,0.0
NGA/000123,2328926,2328926,2328926,100.0,0.0
NGA/000124,2328926,2328926,2328926,100.0,0.0
NGA/000125,2328926,2328926,2328926,100.0,0.0
NGA/000126,2349961,"2335196, 2345891, 2349961, 2565345, 2597365, 2597367",2349961,100.0,0.0
NGA/000128,2328926,2328926,2328926,100.0,0.0
NGA/000129,2328926,2328926,2328926,100.0,0.0
NGA/000131,2328926,"2324433, 2326168, 2328926, 2337542, 2350813, 2565340, 2595344",2328926,100.0,0.0
NGA/000132,2328926,2328926,2328926,100.0,0.0
NGA/000133,2565340,"2322907, 2324433, 2324828, 2327546, 2332453, 2332785, 2334797, 2335722, 2345891, 2347468, 2349961, 2350813, 2352776, 2565340, 2565343, 2565345, 2595345, 2595347, 2595349, 2597363, 2597364, 2597365, 2597367",2565340,100.0,0.0
NGA/000134,2335196,2335196,2335196,100.0,0.0
NGA/000135,2565344,"2565344, 2565345",2565344,100.0,0.0
NGA/000136,2349961,"2335196, 2345891, 2349961, 2565345, 2597365, 2597367",2349961,100.0,0.0
NGA/000137,2565340,"2324433, 2326168, 2337542, 2345891, 2350813, 2565340, 2565341, 2565343, 2595344",2565340,100.0,0.0
NGA/000138,"8638549, 8638551, 8638552, 9172954","8638549, 8638550, 8638551, 8638552, 9172954","8638549, 8638551, 8638552, 9172954",100.0,0.0
NGA/000139,2595344,"2324433, 2595344",2595344,100.0,0.0
NGA/000140,2328926,2328926,2328926,100.0,0.0
NGA/000141,"8634250, 8634251","8634250, 8634251","8634250, 8634251",100.0,0.0
NGA/000142,2565340,"2324433, 2326168, 2327546, 2345891, 2347468, 2350813, 2565340, 2565342, 2565343, 2597364",2565340,100.0,0.0
NGA/000143,2595344,"2324433, 2324828, 2345891, 2565341, 2595344, 2595348",2595344,100.0,0.0
NGA/000144,2328926,2328926,2328926,100.0,0.0
NGA/000145,2565343,"2352776, 2565340, 2565343, 8635054",2565343,100.0,0.0
NGA/000146,2565343,"2332453, 2352776, 2565343",2565343,100.0,0.0
NGA/000147,"7932502, 8638544, 8638547","7932502, 8638544, 8638547","7932502, 8638544, 8638547",100.0,0.0
NGA/000148,2335722,"2324828, 2332453, 2335722",2335722,100.0,0.0
NGA/000149,"7932501, 8638542, 8638544, 8638545","7932501, 8638542, 8638544, 8638545","7932501, 8638542, 8638544, 8638545",100.0,0.0
NGA/000150,2347468,"2324828, 2347468",2347468,100.0,0.0
NGA/000151,2345891,"2345891, 2595345",2345891,100.0,0.0
NGA/000152,2565342,"2322907, 2324828, 2328925, 2332785, 2334797, 2335196, 2335722, 2346794, 2347266, 2347468, 2352776, 2565342, 2565345, 2595347, 2595348, 2595349, 2597363, 2597364, 2597366, 2597367",2565342,100.0,0.0
NGA/000153,2328926,2328926,2328926,100.0,0.0
NGA/000154,,"2324828, 2328925",2328926,0.0,100.0
NGA/000156,2328926,2328926,2328926,100.0,0.0
NGA/000157,2345891,"2332453, 2345891, 2352776, 2595347",2345891,100.0,0.0
NGA/000159,2347468,"2345891, 2347468",2347468,100.0,0.0
NGA/000160,2346794,"2317975, 2319227, 2323418, 2330288, 2331478, 2334497, 2339918, 2346794, 6837239, 8659844, 8659847",2346794,100.0,0.0
NGA/000161,2328926,2328926,2328926,100.0,0.0
NGA/000162,2347468,"2345891, 2347468",2347468,100.0,0.0
NGA/000163,2345891,2345891,2345891,100.0,0.0
NGA/000164,2565340,"2322907, 2324433, 2324828, 2327546, 2332453, 2332785, 2334797, 2335196, 2335722, 2345891, 2347468, 2349961, 2350813, 2352776, 2352778, 2565340, 2565343, 2565345, 2595345, 2595347, 2595349, 2597363, 2597364, 2597365, 2597367",2565340,100.0,0.0
NGA/000165,"8636748, 8638073","2328926, 8636748, 8638073","8636748, 8638073",100.0,0.0
NGA/000166,,8051232,2328926,0.0,100.0
NGA/000167,2328926,2328926,2328926,100.0,0.0
NGA/000168,2328926,2328926,2328926,100.0,0.0
NGA/000169,2328926,2328926,2328926,100.0,0.0
NGA/000170,2328926,2328926,2328926,100.0,0.0
NGA/000171,2328926,2328926,2328926,100.0,0.0
NGA/000172,2328926,2328926,2328926,100.0,0.0
NGA/000173,2328926,2328926,2328926,100.0,0.0
NGA/000174,2328926,2328926,2328926,100.0,0.0
NGA/000175,2347266,"2322907, 2332453, 2335196, 2345891, 2347266, 2352776, 2565343",2347266,100.0,0.0
NGA/000177,,2352776,2328926,0.0,100.0
NGA/000178,2328926,2328926,2328926,100.0,0.0
NGA/000179,2335722,"2324828, 2328925, 2335722",2335722,100.0,0.0
NGA/000180,,8051232,2328926,0.0,100.0
NGA/000181,2565345,"2332453, 2335196, 2335722, 2352776, 2565345",2565345,100.0,0.0
NGA/000182,2328926,2328926,2328926,100.0,0.0
NGA/000183,2565344,"2332453, 2335196, 2565344, 2565345",2565344,100.0,0.0
NGA/000184,2328926,2328926,2328926,100.0,0.0
NGA/000185,2565345,"2332453, 2335196, 2335722, 2352778, 2565345",2565345,100.0,0.0
NGA/000187,,2352776,2328926,0.0,100.0
NGA/000188,8659740,8659740,8659740,100.0,0.0
NGA/000189,8659740,8659740,8659740,100.0,0.0
NGA/000190,8659740,8659740,8659740,100.0,0.0
NGA/000191,8659740,8659740,8659740,100.0,0.0
NGA/000192,8659740,8659740,8659740,100.0,0.0
NGA/000193,8659740,8659740,8659740,100.0,0.0
NGA/000194,8659740,8659740,8659740,100.0,0.0
NGA/000195,8634971,8634971,8634971,100.0,0.0
NGA/000196,,"7871281, 8633821",2328926,0.0,100.0
NGA/000197,2565340,"2332453, 2335196, 2335722, 2345891, 2565340, 2565345",2565340,100.0,0.0
NGA/000198,2328926,2328926,2328926,100.0,0.0
NGA/000199,2565345,"2324828, 2335196, 2565345",2565345,100.0,0.0
NGA/000200,2328926,2328926,2328926,100.0,0.0
NGA/000202,2328926,2328926,2328926,100.0,0.0
NGA/000203,2350813,"2345891, 2350813",2350813,100.0,0.0
NGA/000204,2328926,2328926,2328926,100.0,0.0
NGA/000205,2328926,2328926,2328926,100.0,0.0
NGA/000206,2347468,"2322907, 2328925, 2334797, 2347468, 2595349",2347468,100.0,0.0
NGA/000207,2565344,"2332453, 2332785, 2335196, 2335722, 2565344, 2565345",2565344,100.0,0.0
NGA/000208,2349961,"2327546, 2328925, 2332453, 2334797, 2335196, 2335722, 2349961, 2565344, 2565345, 2597367",2349961,100.0,0.0
NGA/000211,2328926,2328926,2328926,100.0,0.0
NGA/000212,2328926,2328926,2328926,100.0,0.0
NGA/000213,2328926,2328926,2328926,100.0,0.0
NGA/000217,2328926,2328926,2328926,100.0,0.0
NGA/000218,2328926,2328926,2328926,100.0,0.0
NGA/000219,,2335953,2328926,0.0,100.0
NGA/000220,2595344,"2324433, 2324828, 2335196, 2335722, 2565341, 2595344",2595344,100.0,0.0
NGA/000221,2335196,2335196,2335196,100.0,0.0
NGA/000222,2328926,2328926,2328926,100.0,0.0
NGA/000223,2565344,"2332453, 2335196, 2335722, 2565344, 2565345",2565344,100.0,0.0
NGA/000224,2350813,"2327546, 2332453, 2335722, 2345891, 2347266, 2350813, 2565344, 2595348",2350813,100.0,0.0
NGA/000225,2347468,"2334797, 2335722, 2347266, 2347468, 2565345, 2595349",2347468,100.0,0.0
NGA/000226,2328926,2328926,2328926,100.0,0.0
NGA/000227,2565345,"2334797, 2565345, 2595349, 2597363, 2597367",2565345,100.0,0.0
NGA/000228,2328926,2328926,2328926,100.0,0.0
NGA/000229,2565345,"2334797, 2335196, 2565345, 2595349, 2597363, 2597367",2565345,100.0,0.0
NGA/000230,2328926,2328926,2328926,100.0,0.0
NGA/000231,,"2324433, 2335196, 2347468, 2349961, 2350813, 2565345, 2595347",2328926,0.0,100.0
NGA/000232,2328926,2328926,2328926,100.0,0.0
NGA/000233,,"2326168, 2565342, 2595348",2328926,0.0,100.0
NGA/000234,,2352778,2328926,0.0,100.0
NGA/000235,2332453,2332453,2332453,100.0,0.0
NGA/000236,,"2332785, 2334797, 2352776, 2565340, 2565342, 2595344, 2595345, 2595346, 2595347, 2595348, 2595349, 2597366",2328926,0.0,100.0
NGA/000237,,"2332453, 2335196, 2335722, 2345891, 8635054",2328926,0.0,100.0
NGA/000238,2328926,2328926,2328926,100.0,0.0
NGA/000239,7932490,7932490,7932490,100.0,0.0
NGA/000240,2332453,2332453,2332453,100.0,0.0
NGA/000241,2328926,2328926,2328926,100.0,0.0
NGA/000242,"7910350, 8638547","7910350, 8638547","7910350, 8638547",100.0,0.0
NGA/000243,2345891,"2332453, 2345891",2345891,100.0,0.0
NGA/000244,2332453,"2331158, 2331226, 2332453, 2347625, 2351943, 2566636, 2566646, 2566650, 7871290, 9179526",2332453,100.0,0.0
NGA/000245,,"2319522, 2320576, 2320693, 2322269, 2322495, 2324828, 2325643, 2326016, 2326168, 2326974, 2327546, 2328765, 2330600, 2330770, 2331160, 2332453, 2332785, 2334663, 2335722, 2338484, 2341326, 2343369, 2343592, 2343641, 2345074, 2345077, 2345891, 2346098, 2347468, 2351657, 2352776, 2352778, 2352824, 2565342, 2565344, 2565345, 2595344, 2595345, 2595346, 2595347, 2595348, 2595349, 2597363, 2597366, 2597367, 7073580, 7628264, 7701336, 7701374, 7701376, 7701377, 7701378, 7701380, 7701382, 7701383, 7701409, 7701411, 7701412, 7701413, 7701414, 7701428, 7701431, 7701432, 7701433, 7701434, 7701464, 7701466, 7701468, 7701469, 7701471, 7701472, 7701474, 7701475, 7701476, 7701477, 7701478, 7701479, 7701480, 7701482, 7701483, 7701486, 7701487, 7701488, 7701489, 7701491, 7701492, 7701495, 7701499, 7701517, 7701519, 7701520, 7701521, 7701522, 7701523, 7701524, 7701525, 7701526, 7701527, 7701528, 7701530, 7701531, 7701532, 7701533, 7701534, 7701535, 7701536, 7701537, 7701538, 7729904, 7729905, 7729906, 7729907, 7729908, 7729909, 7729910, 7729911, 7729912, 7729963, 7729995, 7730000, 7730384, 7730386, 7730388, 7730389, 7730390, 7730394, 7730396, 7730397, 7730398, 7730399, 7730400, 7730401, 7871263, 7871265, 7871268, 7873893, 7873920, 7873921, 7873928, 7910323, 7910326, 7910328, 7910340, 7910343, 7932059, 7932060, 7932062, 7932087, 7932511, 8632711, 8632713, 8632714, 8632715, 8632716, 8632717, 8632718, 8632719, 8632720, 8632721, 8633494, 8633495, 8633552, 8633553, 8633554, 8633555, 8633556, 8633557, 8633558, 8633560, 8633564, 8633642, 8633645, 8633652, 8633654, 8633656, 8633658, 8633695, 8633696, 8633700, 8633720, 8633721, 8633724, 8633725, 8633726, 8634809, 8634913, 8634914, 8634918, 8634957, 8636318, 8636320, 8636367, 8636371, 8636372, 8637590, 8637964, 8637965, 8637967, 8637969, 8637981, 8638007, 8638035, 8638036, 8638118, 8638120, 8638156, 8638160, 8638162, 8638327, 8638328, 8638388, 8638389, 8638394, 8638447, 8638449, 8638451, 8638452, 8638455, 8638458, 8638463, 8638472, 8638479, 8659759, 8659762, 8659763",2328926,0.0,100.0
NGA/000246,2328926,"2318933, 2319896, 2321848, 2322483, 2323338, 2325316, 2326848, 2326850, 2327385, 2327859, 2328109, 2328194, 2328504, 2328926, 2332453, 2333312, 2333470, 2335029, 2335196, 2335722, 2335758, 2336843, 2337540, 2338229, 2338302, 2341706, 2341756, 2343050, 2343252, 2343272, 2343612, 2343822, 2343986, 2345891, 2346177, 2347371, 2348145, 2348395, 2349361, 2349770, 2350232, 2350941, 2351465, 2352589, 2353016, 2565344, 2566687, 7730001, 7910348, 7932063, 7932490, 7932491, 7932498, 7932499, 7932500, 7932501, 7932502, 7932503, 7932505",2328926,100.0,0.0
NGA/000247,,"2318044, 2324774, 2325590, 2327821, 2332453, 2334747, 2335204, 2335727, 2335953, 2338313, 2338400, 2339088, 2339354, 2343279, 2343696, 2343720, 2345438, 2346995, 2347065, 2347283, 2350671, 2350841, 2351216, 2352281, 2352778, 7644922, 8468823",2328926,0.0,100.0
NGA/000248,2335196,2335196,2335196,100.0,0.0
NGA/000249,2328926,2328926,2328926,100.0,0.0
NGA/000250,8659806,"2565342, 8051232, 8659806",8659806,100.0,0.0
NGA/000251,,8051232,2328926,0.0,100.0
NGA/000252,,8051232,2328926,0.0,100.0
NGA/000253,2332453,2332453,2332453,100.0,0.0
NGA/000254,2345891,"2332453, 2345891",2345891,100.0,0.0
NGA/000255,2328926,2328926,2328926,100.0,0.0
NGA/000257,7730398,7730398,7730398,100.0,0.0
NGA/000258,7730398,7730398,7730398,100.0,0.0
NGA/000259,"8636733, 8636737","8636733, 8636737","8636733, 8636737",100.0,0.0
NGA/000260,2347266,"2322907, 2326168, 2327546, 2328925, 2334797, 2335722, 2346794, 2347266, 2565345, 2595345, 2597367",2347266,100.0,0.0
NGA/000261,"7701433, 7701434, 7729925, 7729927, 7729934, 7729939, 7729966, 7729982, 7729985, 7729987, 7730012, 7730013, 7730015, 7730021, 7730022, 8631808, 8632707, 8634507, 8634508, 8634509, 8634514, 8634919, 8636775, 8638005, 8638006, 8638007, 8638070, 8638073, 8638087, 8638091, 8638095, 8638097, 8659772, 8659775, 8659777, 8659778, 8659780, 8659798, 8659805, 8659807, 8659808, 8659811, 8659812","2340618, 7701433, 7701434, 7729922, 7729923, 7729925, 7729927, 7729934, 7729939, 7729966, 7729982, 7729985, 7729987, 7730012, 7730013, 7730015, 7730021, 7730022, 8631808, 8632707, 8634507, 8634508, 8634509, 8634514, 8634919, 8636769, 8636773, 8636775, 8638005, 8638006, 8638007, 8638070, 8638073, 8638087, 8638091, 8638095, 8638097, 8659772, 8659775, 8659777, 8659778, 8659780, 8659798, 8659805, 8659807, 8659808, 8659811, 8659812","7701433, 7701434, 7729925, 7729925, 7729927, 7729927, 7729931, 7729934, 7729938, 7729939, 7729966, 7729982, 7729985, 7729987, 7730012, 7730013, 7730015, 7730021, 7730022, 8631808, 8632707, 8634507, 8634508, 8634509, 8634514, 8634539, 8634919, 8636775, 8638005, 8638006, 8638007, 8638070, 8638073, 8638087, 8638091, 8638095, 8638097, 8659772, 8659775, 8659777, 8659778, 8659780, 8659798, 8659805, 8659807, 8659808, 8659811, 8659812, 9485483, 9492098",90.0,10.0
NGA/000262,8637590,"7729972, 8637590",8637590,100.0,0.0
NGA/000263,2328926,2328926,2328926,100.0,0.0
NGA/000264,2347266,"2324828, 2328926, 2347266",2347266,100.0,0.0
NGA/000265,2565340,"2325190, 2345891, 2565340, 2565341",2565340,100.0,0.0
NGA/000266,2328926,"2328926, 2328927",2328926,100.0,0.0
NGA/000267,2328926,2328926,2328926,100.0,0.0
NGA/000268,2565344,"2322907, 2328925, 2332453, 2332785, 2334797, 2335196, 2335722, 2565344, 2565345, 2595349",2565344,100.0,0.0
NGA/000269,2565345,"2334797, 2335196, 2335722, 2565345, 2595349",2565345,100.0,0.0
NGA/000270,2328926,2328926,2328926,100.0,0.0
NGA/000271,2328926,2328926,2328926,100.0,0.0
NGA/000272,2565342,"2332785, 2334797, 2335196, 2337542, 2565342, 2595346, 2595347",2565342,100.0,0.0
NGA/000273,2565343,2565343,2565343,100.0,0.0
NGA/000274,2597363,2597363,2597363,100.0,0.0
NGA/000276,2328926,2328926,2328926,100.0,0.0
NGA/000277,2328926,2328926,2328926,100.0,0.0
NGA/000278,2328926,2328926,2328926,100.0,0.0
NGA/000279,2328926,2328926,2328926,100.0,0.0
NGA/000280,2328926,2328926,2328926,100.0,0.0
NGA/000281,2328926,2328926,2328926,100.0,0.0
NGA/000282,2328926,2328926,2328926,100.0,0.0
NGA/000283,2328926,2328926,2328926,100.0,0.0
NGA/000284,,"7701432, 7701434, 7701535, 7701536, 7729982, 7730012, 7730015, 7730021, 7871265, 7873914, 7910343, 7932491, 8631808, 8631809, 8631810, 8632706, 8632707, 8632719, 8633722, 8634256, 8634957",2328926,0.0,100.0
NGA/000285,2328926,2328926,2328926,100.0,0.0
NGA/000286,,"2325190, 2597366",2328926,0.0,100.0
NGA/000287,2328926,2328926,2328926,100.0,0.0
NGA/000288,2328926,2328926,2328926,100.0,0.0
NGA/000289,2328926,2328926,2328926,100.0,0.0
NGA/000290,2328926,2328926,2328926,100.0,0.0
NGA/000291,2328926,2328926,2328926,100.0,0.0
NGA/000292,2328926,2328926,2328926,100.0,0.0
NGA/000293,2328926,2328926,2328926,100.0,0.0
NGA/000294,2328926,2328926,2328926,100.0,0.0
NGA/000295,2328926,2328926,2328926,100.0,0.0
NGA/000296,2328926,2328926,2328926,100.0,0.0
NGA/000297,2328926,2328926,2328926,100.0,0.0
NGA/000298,2328926,2328926,2328926,100.0,0.0
NGA/000299,2328926,2328926,2328926,100.0,0.0
NGA/000300,2328926,2328926,2328926,100.0,0.0
NGA/000301,2328926,2328926,2328926,100.0,0.0
NGA/000302,2328926,2328926,2328926,100.0,0.0
NGA/000304,2328926,2328926,2328926,100.0,0.0
NGA/000305,2328926,2328926,2328926,100.0,0.0
NGA/000306,2328926,2328926,2328926,100.0,0.0
NGA/000307,2328926,2328926,2328926,100.0,0.0
NGA/000308,2328926,2328926,2328926,100.0,0.0
NGA/000309,2328926,2328926,2328926,100.0,0.0
NGA/000310,2328926,2328926,2328926,100.0,0.0
NGA/000311,2328926,2328926,2328926,100.0,0.0
NGA/000312,2328926,2328926,2328926,100.0,0.0
NGA/000313,2328926,2328926,2328926,100.0,0.0
NGA/000314,2328926,2328926,2328926,100.0,0.0
NGA/000315,2328926,2328926,2328926,100.0,0.0
NGA/000316,2328926,2328926,2328926,100.0,0.0
NGA/000317,2328926,2328926,2328926,100.0,0.0
NGA/000318,2328926,2328926,2328926,100.0,0.0
NGA/000319,2328926,2328926,2328926,100.0,0.0
NGA/000320,2328926,2328926,2328926,100.0,0.0
NGA/000321,2328926,2328926,2328926,100.0,0.0
NGA/000322,2328926,2328926,2328926,100.0,0.0
NGA/000323,2328926,2328926,2328926,100.0,0.0
NGA/000324,2328926,2328926,2328926,100.0,0.0
NGA/000325,2328926,2328926,2328926,100.0,0.0
NGA/000326,2328926,2328926,2328926,100.0,0.0
NGA/000327,2328926,2328926,2328926,100.0,0.0
NGA/000328,2328926,2328926,2328926,100.0,0.0
NGA/000329,2328926,2328926,2328926,100.0,0.0
NGA/000330,2328926,2328926,2328926,100.0,0.0
NGA/000331,2328926,2328926,2328926,100.0,0.0
NGA/000332,2565342,"2565342, 2595347",2565342,100.0,0.0
NGA/000333,2565342,"2565342, 2595347",2565342,100.0,0.0
NGA/000334,2565342,"2565342, 2595347",2565342,100.0,0.0
NGA/000335,2328926,2328926,2328926,100.0,0.0
NGA/000336,2328926,2328926,2328926,100.0,0.0
NGA/000337,2328926,2328926,2328926,100.0,0.0
NGA/000338,2328926,2328926,2328926,100.0,0.0
NGA/000339,2328926,2328926,2328926,100.0,0.0
NGA/000340,2328926,2328926,2328926,100.0,0.0
NGA/000341,2328926,2328926,2328926,100.0,0.0
NGA/000342,2328926,2328926,2328926,100.0,0.0
NGA/000343,2328926,2328926,2328926,100.0,0.0
NGA/000344,2328926,2328926,2328926,100.0,0.0
NGA/000345,2328926,2328926,2328926,100.0,0.0
NGA/000346,2328926,2328926,2328926,100.0,0.0
NGA/000347,2328926,2328926,2328926,100.0,0.0
NGA/000348,2328926,2328926,2328926,100.0,0.0
NGA/000349,2328926,2328926,2328926,100.0,0.0
NGA/000350,2328926,2328926,2328926,100.0,0.0
NGA/000351,2335196,2335196,2335196,100.0,0.0
NGA/000352,2335196,2335196,2335196,100.0,0.0
NGA/000353,2328926,2328926,2328926,100.0,0.0
NGA/000354,2335196,2335196,2335196,100.0,0.0
NGA/000355,2328926,2328926,2328926,100.0,0.0
NGA/000356,2328926,2328926,2328926,100.0,0.0
NGA/000357,2328926,2328926,2328926,100.0,0.0
NGA/000358,2328926,2328926,2328926,100.0,0.0
NGA/000359,,"2334797, 2335196, 2335722",2328926,0.0,100.0
NGA/000360,2328926,2328926,2328926,100.0,0.0
NGA/000361,2328926,2328926,2328926,100.0,0.0
NGA/000362,2328926,2328926,2328926,100.0,0.0
NGA/000363,2328926,2328926,2328926,100.0,0.0
NGA/000364,2328926,2328926,2328926,100.0,0.0
NGA/000365,2328926,2328926,2328926,100.0,0.0
NGA/000366,2328926,2328926,2328926,100.0,0.0
NGA/000367,2335196,2335196,2335196,100.0,0.0
NGA/000368,2328926,2328926,2328926,100.0,0.0
NGA/000369,2335196,2335196,2335196,100.0,0.0
NGA/000370,2335196,2335196,2335196,100.0,0.0
NGA/000371,2328926,2328926,2328926,100.0,0.0
NGA/000372,2328926,2328926,2328926,100.0,0.0
NGA/000373,2328926,2328926,2328926,100.0,0.0
NGA/000374,2328926,2328926,2328926,100.0,0.0
NGA/000375,2328926,2328926,2328926,100.0,0.0
NGA/000376,2328926,2328926,2328926,100.0,0.0
NGA/000377,2328926,2328926,2328926,100.0,0.0
NGA/000378,2328926,2328926,2328926,100.0,0.0
NGA/000379,2328926,2328926,2328926,100.0,0.0
NGA/000380,2328926,2328926,2328926,100.0,0.0
NGA/000381,2328926,2328926,2328926,100.0,0.0
NGA/000382,2328926,2328926,2328926,100.0,0.0
NGA/000383,2328926,2328926,2328926,100.0,0.0
NGA/000384,2328926,2328926,2328926,100.0,0.0
NGA/000385,2328926,2328926,2328926,100.0,0.0
NGA/000386,2328926,2328926,2328926,100.0,0.0
NGA/000387,2328926,2328926,2328926,100.0,0.0
NGA/000388,2328926,2328926,2328926,100.0,0.0
NGA/000389,2328926,2328926,2328926,100.0,0.0
NGA/000391,2328926,2328926,2328926,100.0,0.0
NGA/000392,2328926,2328926,2328926,100.0,0.0
NGA/000393,2328926,2328926,2328926,100.0,0.0
NGA/000394,2328926,2328926,2328926,100.0,0.0
NGA/000396,2328926,2328926,2328926,100.0,0.0
NGA/000397,2328926,2328926,2328926,100.0,0.0
NGA/000398,2328926,2328926,2328926,100.0,0.0
NGA/000399,2328926,2328926,2328926,100.0,0.0
NGA/000400,2328926,2328926,2328926,100.0,0.0
NGA/000401,2328926,2328926,2328926,100.0,0.0
NGA/000402,2328926,2328926,2328926,100.0,0.0
NGA/000403,2328926,2328926,2328926,100.0,0.0
NGA/000404,2328926,2328926,2328926,100.0,0.0
NGA/000406,2328926,2328926,2328926,100.0,0.0
NGA/000407,2328926,2328926,2328926,100.0,0.0
NGA/000408,2328926,2328926,2328926,100.0,0.0
NGA/000409,2328926,2328926,2328926,100.0,0.0
NGA/000412,2328926,2328926,2328926,100.0,0.0
NGA/000414,2328926,2328926,2328926,100.0,0.0
NGA/000415,2328926,2328926,2328926,100.0,0.0
NGA/000416,2328926,2328926,2328926,100.0,0.0
NGA/000417,2328926,2328926,2328926,100.0,0.0
NGA/000418,2328926,2328926,2328926,100.0,0.0
NGA/000419,2328926,2328926,2328926,100.0,0.0
NGA/000420,2328926,2328926,2328926,100.0,0.0
NGA/000421,2328926,2328926,2328926,100.0,0.0
NGA/000422,2328926,2328926,2328926,100.0,0.0
NGA/000423,2328926,2328926,2328926,100.0,0.0
NGA/000424,2328926,2328926,2328926,100.0,0.0
NGA/000425,2328926,2328926,2328926,100.0,0.0
NGA/000426,2328926,2328926,2328926,100.0,0.0
NGA/000427,2328926,2328926,2328926,100.0,0.0
NGA/000428,2328926,2328926,2328926,100.0,0.0
NGA/000429,2328926,2328926,2328926,100.0,0.0
NGA/000430,2328926,2328926,2328926,100.0,0.0
NGA/000431,2328926,2328926,2328926,100.0,0.0
NGA/000432,2328926,2328926,2328926,100.0,0.0
NGA/000433,2328926,2328926,2328926,100.0,0.0
NGA/000434,2328926,2328926,2328926,100.0,0.0
NGA/000435,2328926,2328926,2328926,100.0,0.0
NGA/000436,2328926,2328926,2328926,100.0,0.0
NGA/000437,2328926,2328926,2328926,100.0,0.0
NGA/000438,2328926,2328926,2328926,100.0,0.0
NGA/000439,2328926,2328926,2328926,100.0,0.0
NGA/000440,2328926,2328926,2328926,100.0,0.0
NGA/000441,2328926,2328926,2328926,100.0,0.0
NGA/000445,2565342,"2346794, 2347468, 2565342, 2595347, 2597366, 2597367",2565342,100.0,0.0
NGA/000446,2565342,"2346794, 2347468, 2565342, 2595347, 2597366, 2597367",2565342,100.0,0.0
NGA/000447,2565342,"2346794, 2347468, 2565342, 2595347, 2597366, 2597367",2565342,100.0,0.0
NGA/000448,2565342,"2346794, 2347468, 2565342, 2595347, 2597366, 2597367",2565342,100.0,0.0
NGA/000449,2328926,2328926,2328926,100.0,0.0
NGA/000450,2328926,2328926,2328926,100.0,0.0
NGA/000451,2328926,2328926,2328926,100.0,0.0
NGA/000452,2328926,2328926,2328926,100.0,0.0
NGA/000453,2328926,2328926,2328926,100.0,0.0
NGA/000454,2328926,2328926,2328926,100.0,0.0
NGA/000455,2328926,2328926,2328926,100.0,0.0
NGA/000456,2328926,2328926,2328926,100.0,0.0
NGA/000457,2328926,2328926,2328926,100.0,0.0
NGA/000458,2328926,2328926,2328926,100.0,0.0
NGA/000459,2328926,2328926,2328926,100.0,0.0
NGA/000460,2328926,2328926,2328926,100.0,0.0
NGA/000461,2328926,2328926,2328926,100.0,0.0
NGA/000462,2328926,2328926,2328926,100.0,0.0
NGA/000463,2328926,2328926,2328926,100.0,0.0
NGA/000464,2328926,2328926,2328926,100.0,0.0
NGA/000465,2328926,2328926,2328926,100.0,0.0
NGA/000466,2328926,2328926,2328926,100.0,0.0
NGA/000467,2328926,2328926,2328926,100.0,0.0
NGA/000468,2328926,2328926,2328926,100.0,0.0
NGA/000469,2328926,2328926,2328926,100.0,0.0
NGA/000470,2328926,2328926,2328926,100.0,0.0
NGA/000471,2328926,2328926,2328926,100.0,0.0
NGA/000472,2328926,2328926,2328926,100.0,0.0
NGA/000473,2328926,2328926,2328926,100.0,0.0
NGA/000474,2328926,2328926,2328926,100.0,0.0
NGA/000475,2328926,2328926,2328926,100.0,0.0
NGA/000476,2328926,2328926,2328926,100.0,0.0
NGA/000477,2328926,2328926,2328926,100.0,0.0
NGA/000478,2328926,2328926,2328926,100.0,0.0
NGA/000479,2328926,2328926,2328926,100.0,0.0
NGA/000480,2328926,2328926,2328926,100.0,0.0
NGA/000481,2328926,2328926,2328926,100.0,0.0
NGA/000482,2328926,2328926,2328926,100.0,0.0
NGA/000483,2328926,2328926,2328926,100.0,0.0
NGA/000484,2328926,2328926,2328926,100.0,0.0
NGA/000485,2328926,2328926,2328926,100.0,0.0
NGA/000486,2328926,2328926,2328926,100.0,0.0
NGA/000487,2328926,2328926,2328926,100.0,0.0
NGA/000488,2328926,2328926,2328926,100.0,0.0
NGA/000489,2328926,2328926,2328926,100.0,0.0
NGA/000490,2328926,2328926,2328926,100.0,0.0
NGA/000491,2328926,2328926,2328926,100.0,0.0
NGA/000494,2328926,2328926,2328926,100.0,0.0
NGA/000495,2328926,2328926,2328926,100.0,0.0
NGA/000497,2328926,2328926,2328926,100.0,0.0
NGA/000498,2328926,2328926,2328926,100.0,0.0
NGA/000499,2328926,2328926,2328926,100.0,0.0
NGA/000500,2328926,2328926,2328926,100.0,0.0
NGA/000501,2328926,2328926,2328926,100.0,0.0
NGA/000502,2328926,2328926,2328926,100.0,0.0
NGA/000503,2328926,2328926,2328926,100.0,0.0
NGA/000504,2328926,2328926,2328926,100.0,0.0
NGA/000505,2328926,2328926,2328926,100.0,0.0
NGA/000506,2328926,2328926,2328926,100.0,0.0
NGA/000507,2328926,2328926,2328926,100.0,0.0
NGA/000508,2328926,2328926,2328926,100.0,0.0
NGA/000509,2328926,2328926,2328926,100.0,0.0
NGA/000510,2328926,2328926,2328926,100.0,0.0
NGA/000512,2328926,2328926,2328926,100.0,0.0
NGA/000513,2328926,2328926,2328926,100.0,0.0
NGA/000514,2328926,2328926,2328926,100.0,0.0
NGA/000515,2328926,2328926,2328926,100.0,0.0
NGA/000516,2328926,2328926,2328926,100.0,0.0
NGA/000517,2328926,2328926,2328926,100.0,0.0
NGA/000518,2328926,2328926,2328926,100.0,0.0
NGA/000519,2328926,2328926,2328926,100.0,0.0
NGA/000520,2328926,2328926,2328926,100.0,0.0
NGA/000521,2328926,2328926,2328926,100.0,0.0
NGA/000522,2328926,2328926,2328926,100.0,0.0
NGA/000523,2328926,2328926,2328926,100.0,0.0
NGA/000524,2328926,2328926,2328926,100.0,0.0
NGA/000525,2328926,2328926,2328926,100.0,0.0
NGA/000526,2328926,2328926,2328926,100.0,0.0
NGA/000527,2328926,2328926,2328926,100.0,0.0
NGA/000528,2328926,2328926,2328926,100.0,0.0
NGA/000529,2328926,2328926,2328926,100.0,0.0
NGA/000530,2328926,2328926,2328926,100.0,0.0
NGA/000531,2328926,2328926,2328926,100.0,0.0
NGA/000532,2328926,2328926,2328926,100.0,0.0
NGA/000533,,2332453,2328926,0.0,100.0
NGA/000534,,2332453,2328926,0.0,100.0
NGA/000535,2328926,2328926,2328926,100.0,0.0
NGA/000536,2328926,2328926,2328926,100.0,0.0
NGA/000538,2328926,2328926,2328926,100.0,0.0
NGA/000539,2328926,2328926,2328926,100.0,0.0
NGA/000540,2328926,2328926,2328926,100.0,0.0
NGA/000541,2328926,2328926,2328926,100.0,0.0
NGA/000542,2328926,2328926,2328926,100.0,0.0
NGA/000543,2328926,2328926,2328926,100.0,0.0
NGA/000544,2328926,2328926,2328926,100.0,0.0
NGA/000545,2328926,2328926,2328926,100.0,0.0
NGA/000546,2328926,2328926,2328926,100.0,0.0
NGA/000548,2328926,2328926,2328926,100.0,0.0
NGA/000549,2328926,2328926,2328926,100.0,0.0
NGA/000550,2328926,2328926,2328926,100.0,0.0
NGA/000551,2328926,2328926,2328926,100.0,0.0
NGA/000552,2328926,2328926,2328926,100.0,0.0
NGA/000553,2328926,2328926,2328926,100.0,0.0
NGA/000554,2328926,2328926,2328926,100.0,0.0
NGA/000555,2328926,2328926,2328926,100.0,0.0
NGA/000556,2328926,2328926,2328926,100.0,0.0
NGA/000557,2328926,2328926,2328926,100.0,0.0
NGA/000558,2328926,2328926,2328926,100.0,0.0
NGA/000559,2328926,2328926,2328926,100.0,0.0
NGA/000560,2328926,2328926,2328926,100.0,0.0
NGA/000561,2328926,2328926,2328926,100.0,0.0
NGA/000562,2328926,2328926,2328926,100.0,0.0
NGA/000563,2328926,2328926,2328926,100.0,0.0
NGA/000564,2328926,2328926,2328926,100.0,0.0
NGA/000565,2328926,2328926,2328926,100.0,0.0
NGA/000566,2328926,2328926,2328926,100.0,0.0
NGA/000567,2328926,2328926,2328926,100.0,0.0
NGA/000568,2328926,2328926,2328926,100.0,0.0
NGA/000569,2328926,2328926,2328926,100.0,0.0
NGA/000570,2328926,2328926,2328926,100.0,0.0
NGA/000571,2328926,2328926,2328926,100.0,0.0
NGA/000572,2328926,2328926,2328926,100.0,0.0
NGA/000573,2328926,2328926,2328926,100.0,0.0
NGA/000574,2328926,2328926,2328926,100.0,0.0
NGA/000576,2328926,2328926,2328926,100.0,0.0
NGA/000577,2328926,2328926,2328926,100.0,0.0
NGA/000578,2328926,2328926,2328926,100.0,0.0
NGA/000579,2328926,2328926,2328926,100.0,0.0
NGA/000580,2328926,2328926,2328926,100.0,0.0
NGA/000581,2328926,2328926,2328926,100.0,0.0
NGA/000582,2328926,2328926,2328926,100.0,0.0
NGA/000583,2328926,2328926,2328926,100.0,0.0
NGA/000584,2328926,2328926,2328926,100.0,0.0
NGA/000585,2328926,2328926,2328926,100.0,0.0
NGA/000586,2328926,2328926,2328926,100.0,0.0
NGA/000587,2328926,2328926,2328926,100.0,0.0
NGA/000588,2328926,2328926,2328926,100.0,0.0
NGA/000589,2328926,2328926,2328926,100.0,0.0
NGA/000590,2328926,2328926,2328926,100.0,0.0
NGA/000591,2328926,2328926,2328926,100.0,0.0
NGA/000592,2328926,2328926,2328926,100.0,0.0
NGA/000593,2328926,2328926,2328926,100.0,0.0
NGA/000594,2328926,2328926,2328926,100.0,0.0
NGA/000595,2328926,2328926,2328926,100.0,0.0
NGA/000596,2328926,2328926,2328926,100.0,0.0
NGA/000597,2328926,2328926,2328926,100.0,0.0
NGA/000598,2328926,2328926,2328926,100.0,0.0
NGA/000599,2328926,2328926,2328926,100.0,0.0
NGA/000600,2328926,2328926,2328926,100.0,0.0
NGA/000601,2328926,2328926,2328926,100.0,0.0
NGA/000602,2328926,2328926,2328926,100.0,0.0
NGA/000603,2328926,2328926,2328926,100.0,0.0
NGA/000604,2328926,2328926,2328926,100.0,0.0
NGA/000605,2328926,2328926,2328926,100.0,0.0
NGA/000606,2328926,2328926,2328926,100.0,0.0
NGA/000607,2328926,2328926,2328926,100.0,0.0
NGA/000608,2328926,2328926,2328926,100.0,0.0
NGA/000609,2328926,2328926,2328926,100.0,0.0
NGA/000610,2328926,2328926,2328926,100.0,0.0
NGA/000611,2328926,2328926,2328926,100.0,0.0
NGA/000612,2328926,2328926,2328926,100.0,0.0
NGA/000613,2328926,2328926,2328926,100.0,0.0
NGA/000614,2328926,2328926,2328926,100.0,0.0
NGA/000615,2328926,2328926,2328926,100.0,0.0
NGA/000616,2328926,2328926,2328926,100.0,0.0
NGA/000617,2328926,2328926,2328926,100.0,0.0
NGA/000618,2328926,2328926,2328926,100.0,0.0
NGA/000619,2328926,2328926,2328926,100.0,0.0
NGA/000620,2328926,2328926,2328926,100.0,0.0
NGA/000621,2328926,2328926,2328926,100.0,0.0
NGA/000622,2328926,2328926,2328926,100.0,0.0
NGA/000624,2328926,2328926,2328926,100.0,0.0
NGA/000625,2328926,2328926,2328926,100.0,0.0
NGA/000626,2328926,2328926,2328926,100.0,0.0
NGA/000627,2328926,2328926,2328926,100.0,0.0
NGA/000628,2328926,2328926,2328926,100.0,0.0
NGA/000629,2328926,2328926,2328926,100.0,0.0
NGA/000630,2328926,2328926,2328926,100.0,0.0
NGA/000631,2328926,2328926,2328926,100.0,0.0
NGA/000632,2328926,2328926,2328926,100.0,0.0
NGA/000633,2328926,2328926,2328926,100.0,0.0
NGA/000634,2328926,2328926,2328926,100.0,0.0
NGA/000635,2328926,2328926,2328926,100.0,0.0
NGA/000636,2328926,2328926,2328926,100.0,0.0
NGA/000637,2328926,2328926,2328926,100.0,0.0
NGA/000638,2328926,2328926,2328926,100.0,0.0
NGA/000639,2328926,2328926,2328926,100.0,0.0
NGA/000640,2328926,2328926,2328926,100.0,0.0
NGA/000642,2328926,2328926,2328926,100.0,0.0
NGA/000643,2328926,2328926,2328926,100.0,0.0
NGA/000644,2328926,2328926,2328926,100.0,0.0
NGA/000645,2328926,2328926,2328926,100.0,0.0
NGA/000646,2328926,2328926,2328926,100.0,0.0
NGA/000647,2328926,2328926,2328926,100.0,0.0
NGA/000648,2328926,2328926,2328926,100.0,0.0
NGA/000649,2328926,2328926,2328926,100.0,0.0
NGA/000650,2328926,2328926,2328926,100.0,0.0
NGA/000651,2328926,2328926,2328926,100.0,0.0
NGA/000652,2328926,2328926,2328926,100.0,0.0
NGA/000653,2328926,2328926,2328926,100.0,0.0
NGA/000654,2328926,2328926,2328926,100.0,0.0
NGA/000655,2328926,2328926,2328926,100.0,0.0
NGA/000656,2328926,2328926,2328926,100.0,0.0
NGA/000657,2328926,2328926,2328926,100.0,0.0
NGA/000658,2328926,2328926,2328926,100.0,0.0
NGA/000659,2328926,2328926,2328926,100.0,0.0
NGA/000660,2328926,2328926,2328926,100.0,0.0
NGA/000661,2328926,2328926,2328926,100.0,0.0
NGA/000662,2328926,2328926,2328926,100.0,0.0
NGA/000663,2328926,2328926,2328926,100.0,0.0
NGA/000664,2328926,2328926,2328926,100.0,0.0
NGA/000665,2328926,2328926,2328926,100.0,0.0
NGA/000666,2328926,2328926,2328926,100.0,0.0
NGA/000667,2328926,2328926,2328926,100.0,0.0
NGA/000668,2328926,2328926,2328926,100.0,0.0
NGA/000670,2328926,2328926,2328926,100.0,0.0
NGA/000671,2328926,2328926,2328926,100.0,0.0
NGA/000672,2328926,2328926,2328926,100.0,0.0
NGA/000673,2328926,2328926,2328926,100.0,0.0
NGA/000674,2328926,2328926,2328926,100.0,0.0
NGA/000675,2328926,2328926,2328926,100.0,0.0
NGA/000676,2328926,2328926,2328926,100.0,0.0
NGA/000678,2328926,2328926,2328926,100.0,0.0
NGA/000679,2328926,2328926,2328926,100.0,0.0
NGA/000680,2328926,2328926,2328926,100.0,0.0
NGA/000681,2328926,2328926,2328926,100.0,0.0
NGA/000682,2328926,2328926,2328926,100.0,0.0
NGA/000684,2328926,2328926,2328926,100.0,0.0
NGA/000686,2328926,2328926,2328926,100.0,0.0
NGA/000687,2565340,"2324433, 2325190, 2326168, 2327546, 2332785, 2337542, 2345891, 2347266, 2349961, 2350813, 2565340, 2565343, 2595346, 2597364, 2597365",2565340,100.0,0.0
NGA/000688,2328926,2328926,2328926,100.0,0.0
NGA/000689,2332453,2332453,2332453,100.0,0.0
NGA/000690,2328926,2328926,2328926,100.0,0.0
NGA/000691,,"2324828, 2328925, 2335722",2328926,0.0,100.0
NGA/000692,2335196,2335196,2335196,100.0,0.0
NGA/000693,2335196,"2328925, 2335196",2335196,100.0,0.0
NGA/000694,2335722,2335722,2335722,100.0,0.0
NGA/000695,7729967,"7729923, 7729967","7729967, 8634516",50.0,50.0
NGA/000696,2565345,"2565345, 2595349",2565345,100.0,0.0
NGA/000697,2335722,"2332453, 2335196, 2335722",2335722,100.0,0.0
NGA/000698,2328926,2328926,2328926,100.0,0.0
NGA/000699,2328926,"2328926, 2335727",2328926,100.0,0.0
NGA/000700,"7729942, 8638072, 8638087","7729923, 7729942, 8638072, 8638087","7729942, 7729943, 8638072, 8638087",75.0,25.0
NGA/000701,2335196,"2328925, 2335196",2335196,100.0,0.0
NGA/000702,2595348,"2328925, 2595348",2595348,100.0,0.0
NGA/000703,"7701382, 7729936, 7729943, 8638455, 8638458, 8638459, 8638472","7701382, 7729936, 7729943, 8638455, 8638458, 8638459, 8638472","7701382, 7729936, 7729942, 7729943, 8638455, 8638458, 8638459, 8638472",87.5,12.5
NGA/000704,7730030,7730030,7730030,100.0,0.0
NGA/000705,7932056,7932056,7932056,100.0,0.0
NGA/000706,"7873876, 8634565, 8659717","7873876, 8634565, 8659717","7873876, 8634565, 8659717",100.0,0.0
NGA/000707,7932056,7932056,7932056,100.0,0.0
NGA/000708,"7701471, 7701477, 7701478, 7730030, 7730042, 8636369, 8636377, 8636751","7701471, 7701477, 7701478, 7730030, 7730042, 8636369, 8636377, 8636751","7701471, 7701477, 7701478, 7730030, 7730042, 8636369, 8636377, 8636751",100.0,0.0
NGA/000709,"7729967, 7871247, 7871321, 7910346","2324828, 2347266, 7729967, 7729994, 7871247, 7871321, 7910346","7729967, 7871247, 7871321, 7910346, 8634516, 8638005, 9485475, 9485483",50.0,50.0
NGA/000710,"7701411, 7701531, 7729953, 7729956, 7730008, 7730010, 7873887, 7873925, 7932491, 8638035, 8638036, 8638290, 8638294, 8638327, 8659741, 8659742","7701411, 7701412, 7701531, 7701534, 7729947, 7729953, 7729954, 7729956, 7730008, 7730010, 7873887, 7873925, 7932491, 8638035, 8638036, 8638290, 8638294, 8638327, 8659741, 8659742","7701411, 7701531, 7701532, 7729953, 7729956, 7730008, 7730010, 7873887, 7873925, 7932491, 8638035, 8638036, 8638046, 8638290, 8638293, 8638294, 8638327, 8659737, 8659741, 8659742, 9485478",76.19,23.81
NGA/000711,2332453,2332453,2332453,100.0,0.0
NGA/000712,2597365,"2326168, 2597365",2597365,100.0,0.0
NGA/000713,"7701530, 7729953, 8638035, 8638036, 8638290, 8638294, 8659741","7701530, 7729953, 7873926, 8638035, 8638036, 8638290, 8638294, 8659739, 8659741","7701409, 7701530, 7729953, 8638035, 8638036, 8638290, 8638293, 8638294, 8659741, 9485478",70.0,30.0
NGA/000714,2328926,2328926,2328926,100.0,0.0
NGA/000715,2328926,2328926,2328926,100.0,0.0
NGA/000716,2325190,2325190,2325190,100.0,0.0
NGA/000717,2335196,2335196,2335196,100.0,0.0
NGA/000718,2597367,2597367,2597367,100.0,0.0
NGA/000719,2328926,2328926,2328926,100.0,0.0
NGA/000721,2328926,2328926,2328926,100.0,0.0
NGA/000722,2328926,2328926,2328926,100.0,0.0
NGA/000723,2328926,2328926,2328926,100.0,0.0
NGA/000724,2328926,2328926,2328926,100.0,0.0
NGA/000725,2328926,2328926,2328926,100.0,0.0
NGA/000726,2328926,2328926,2328926,100.0,0.0
